order_id,user_id,product_id,quantity,total_amount
ord_1,user75,prod114,95,796.84
ord_2,user45,prod47,11,99.57
ord_3,user75,prod101,83,503.29
ord_4,user15,prod100,97,461.87
ord_5,user90,prod93,92,152.42
ord_6,user3,prod53,85,464.88
ord_7,user13,prod48,87,105.25
ord_8,user87,prod124,44,619.16
ord_9,user34,prod67,65,27.82
ord_10,user81,prod15,26,773.39
ord_11,user74,prod126,95,476.29
ord_12,user90,prod129,37,342.19
ord_13,user26,prod12,78,38.49
ord_14,user21,prod104,63,654.54
ord_15,user46,prod15,52,970.11
ord_16,user41,prod105,90,623.88
ord_17,user44,prod58,36,925.42
ord_18,user17,prod61,7,91.09
ord_19,user88,prod112,22,908.88
ord_20,user66,prod112,38,176.41
ord_21,user52,prod111,73,193.94
ord_22,user1,prod19,2,399.57
ord_23,user14,prod85,6,724.81
ord_24,user58,prod45,3,613.42
ord_25,user56,prod77,5,488.01
ord_26,user60,prod168,37,685.82
ord_27,user92,prod146,78,683.82
ord_28,user29,prod115,65,719.32
ord_29,user10,prod149,32,399.87
ord_30,user41,prod20,48,194.32
ord_31,user58,prod90,97,162.08
ord_32,user80,prod98,32,70.55
ord_33,user22,prod198,67,969.19
ord_34,user32,prod127,45,105.51
ord_35,user54,prod200,65,779.03
ord_36,user36,prod10,18,719.04
ord_37,user66,prod48,88,922.68
ord_38,user66,prod97,73,420.07
ord_39,user57,prod27,5,454.57
ord_40,user24,prod94,31,779.78
ord_41,user83,prod163,25,504.99
ord_42,user84,prod133,33,298.85
ord_43,user26,prod17,64,9.02
ord_44,user85,prod79,35,249.36
ord_45,user63,prod121,16,745.74
ord_46,user44,prod106,58,286.52
ord_47,user80,prod12,20,701.75
ord_48,user11,prod24,3,276.7
ord_49,user22,prod82,34,157.21
ord_50,user19,prod31,63,980.18
ord_51,user7,prod162,56,408.36
ord_52,user30,prod120,28,852.51
ord_53,user82,prod135,60,817.58
ord_54,user28,prod63,89,655.71
ord_55,user63,prod10,40,87.04
ord_56,user27,prod88,74,258.24
ord_57,user97,prod16,24,783.19
ord_58,user41,prod58,27,374.51
ord_59,user30,prod46,68,506.84
ord_60,user11,prod114,47,198.15
ord_61,user28,prod163,62,779.69
ord_62,user83,prod109,92,855.35
ord_63,user99,prod42,4,585.23
ord_64,user94,prod51,87,689.71
ord_65,user65,prod36,65,965.89
ord_66,user9,prod177,91,744.25
ord_67,user42,prod149,56,774.44
ord_68,user99,prod184,24,392.64
ord_69,user70,prod140,96,605.55
ord_70,user84,prod125,35,868.44
ord_71,user11,prod8,98,271.95
ord_72,user77,prod158,52,959.0
ord_73,user36,prod4,58,663.61
ord_74,user99,prod77,64,6.29
ord_75,user12,prod144,7,687.41
ord_76,user22,prod179,66,458.94
ord_77,user46,prod168,24,609.4
ord_78,user76,prod6,89,225.94
ord_79,user39,prod100,32,981.78
ord_80,user79,prod47,15,537.51
ord_81,user78,prod83,3,209.97
ord_82,user88,prod192,63,762.85
ord_83,user89,prod10,77,507.33
ord_84,user45,prod44,76,751.22
ord_85,user62,prod132,69,925.2
ord_86,user22,prod85,98,299.49
ord_87,user79,prod22,41,464.74
ord_88,user56,prod110,97,128.7
ord_89,user80,prod4,66,130.51
ord_90,user6,prod39,84,171.64
ord_91,user56,prod194,11,774.53
ord_92,user73,prod65,88,204.02
ord_93,user50,prod58,27,347.02
ord_94,user18,prod9,69,127.05
ord_95,user22,prod113,98,430.97
ord_96,user47,prod7,14,694.22
ord_97,user57,prod16,69,443.55
ord_98,user12,prod132,41,976.88
ord_99,user51,prod6,90,57.44
ord_100,user54,prod30,81,832.17
ord_101,user40,prod179,55,67.53
ord_102,user84,prod124,76,624.01
ord_103,user4,prod92,80,585.02
ord_104,user46,prod7,37,571.6
ord_105,user57,prod143,25,8.99
ord_106,user41,prod20,74,455.96
ord_107,user90,prod48,99,549.71
ord_108,user57,prod85,27,603.36
ord_109,user50,prod167,16,263.97
ord_110,user89,prod37,69,266.46
ord_111,user74,prod197,23,508.83
ord_112,user49,prod141,66,829.98
ord_113,user85,prod134,93,887.16
ord_114,user93,prod127,68,939.87
ord_115,user37,prod120,43,436.97
ord_116,user29,prod118,24,499.32
ord_117,user84,prod43,83,711.34
ord_118,user84,prod185,65,242.48
ord_119,user48,prod76,34,785.88
ord_120,user91,prod187,62,568.49
ord_121,user81,prod9,14,256.03
ord_122,user52,prod61,47,177.35
ord_123,user5,prod32,98,35.8
ord_124,user65,prod161,63,325.23
ord_125,user75,prod62,91,794.93
ord_126,user61,prod198,73,36.89
ord_127,user98,prod98,41,376.63
ord_128,user41,prod41,46,620.72
ord_129,user54,prod152,54,921.56
ord_130,user83,prod135,99,118.81
ord_131,user33,prod89,89,298.88
ord_132,user10,prod108,89,276.55
ord_133,user22,prod74,82,95.44
ord_134,user70,prod47,44,960.47
ord_135,user79,prod10,44,442.92
ord_136,user97,prod143,56,70.74
ord_137,user82,prod9,65,53.87
ord_138,user25,prod25,69,764.81
ord_139,user72,prod187,40,287.93
ord_140,user33,prod40,10,193.2
ord_141,user20,prod163,89,123.22
ord_142,user92,prod135,59,703.05
ord_143,user80,prod111,99,589.73
ord_144,user99,prod89,65,584.09
ord_145,user23,prod168,78,484.48
ord_146,user54,prod11,39,993.05
ord_147,user15,prod199,96,775.5
ord_148,user96,prod135,98,874.4
ord_149,user5,prod85,45,942.01
ord_150,user100,prod128,14,380.73
ord_151,user80,prod53,12,116.03
ord_152,user28,prod47,25,986.87
ord_153,user32,prod166,27,31.34
ord_154,user76,prod104,91,115.05
ord_155,user70,prod110,86,492.18
ord_156,user24,prod192,84,59.02
ord_157,user10,prod107,59,855.06
ord_158,user66,prod99,4,475.07
ord_159,user28,prod49,9,769.67
ord_160,user28,prod28,92,716.65
ord_161,user71,prod51,8,34.07
ord_162,user8,prod43,65,523.38
ord_163,user85,prod182,25,696.11
ord_164,user61,prod192,5,948.77
ord_165,user87,prod167,18,395.68
ord_166,user22,prod171,22,462.61
ord_167,user70,prod142,93,558.97
ord_168,user46,prod74,42,671.01
ord_169,user41,prod99,30,857.56
ord_170,user51,prod130,60,411.83
ord_171,user45,prod74,27,914.59
ord_172,user79,prod117,69,453.2
ord_173,user15,prod120,85,25.84
ord_174,user81,prod157,99,264.06
ord_175,user8,prod119,5,833.7
ord_176,user40,prod12,17,441.37
ord_177,user60,prod7,11,949.8
ord_178,user16,prod173,96,472.37
ord_179,user74,prod137,18,880.69
ord_180,user63,prod22,76,604.11
ord_181,user4,prod194,11,284.98
ord_182,user53,prod191,8,335.88
ord_183,user47,prod27,54,759.42
ord_184,user33,prod196,68,306.59
ord_185,user22,prod187,38,763.93
ord_186,user15,prod173,93,707.31
ord_187,user56,prod32,46,983.53
ord_188,user55,prod66,46,501.7
ord_189,user69,prod82,5,925.06
ord_190,user95,prod33,45,598.58
ord_191,user37,prod134,59,108.53
ord_192,user3,prod92,67,127.72
ord_193,user100,prod161,78,936.55
ord_194,user100,prod169,23,979.67
ord_195,user26,prod163,6,927.08
ord_196,user40,prod11,66,185.91
ord_197,user71,prod156,95,772.65
ord_198,user92,prod35,99,91.17
ord_199,user78,prod178,17,343.84
ord_200,user12,prod117,52,293.71
ord_201,user75,prod55,32,819.03
ord_202,user40,prod158,13,197.59
ord_203,user45,prod83,76,932.19
ord_204,user31,prod52,12,935.48
ord_205,user13,prod108,80,781.97
ord_206,user35,prod80,49,482.04
ord_207,user97,prod28,22,348.31
ord_208,user48,prod104,2,25.49
ord_209,user70,prod110,20,456.14
ord_210,user88,prod58,95,964.59
ord_211,user45,prod57,33,726.69
ord_212,user96,prod141,33,701.25
ord_213,user50,prod63,59,189.28
ord_214,user15,prod129,56,622.8
ord_215,user6,prod133,84,794.32
ord_216,user16,prod67,7,349.61
ord_217,user40,prod192,62,865.28
ord_218,user96,prod199,46,767.87
ord_219,user64,prod108,14,226.4
ord_220,user84,prod197,83,470.33
ord_221,user73,prod92,59,423.18
ord_222,user64,prod24,66,308.23
ord_223,user36,prod162,62,432.27
ord_224,user8,prod61,48,395.95
ord_225,user95,prod58,69,823.43
ord_226,user8,prod185,65,595.58
ord_227,user46,prod15,87,529.87
ord_228,user10,prod140,68,978.22
ord_229,user67,prod148,17,486.79
ord_230,user3,prod170,66,21.6
ord_231,user27,prod80,28,449.42
ord_232,user25,prod176,2,662.14
ord_233,user77,prod27,43,580.98
ord_234,user57,prod99,86,406.31
ord_235,user32,prod131,5,192.63
ord_236,user73,prod14,17,314.16
ord_237,user39,prod95,61,586.11
ord_238,user34,prod126,96,375.9
ord_239,user48,prod112,5,663.87
ord_240,user45,prod64,60,224.62
ord_241,user87,prod173,54,760.76
ord_242,user24,prod88,30,170.45
ord_243,user11,prod67,32,167.6
ord_244,user74,prod80,32,880.28
ord_245,user29,prod24,20,356.43
ord_246,user23,prod135,77,529.95
ord_247,user15,prod96,5,114.76
ord_248,user21,prod123,85,264.58
ord_249,user71,prod46,42,453.18
ord_250,user91,prod169,30,77.64
ord_251,user26,prod176,18,162.3
ord_252,user94,prod118,94,777.36
ord_253,user66,prod35,62,625.19
ord_254,user65,prod103,28,55.65
ord_255,user52,prod49,32,806.32
ord_256,user84,prod131,39,304.2
ord_257,user66,prod195,40,283.35
ord_258,user15,prod165,50,184.95
ord_259,user80,prod198,86,153.19
ord_260,user31,prod42,45,823.65
ord_261,user9,prod142,6,693.83
ord_262,user58,prod176,25,174.51
ord_263,user27,prod72,76,474.89
ord_264,user15,prod114,90,847.22
ord_265,user98,prod114,50,732.98
ord_266,user71,prod39,53,341.64
ord_267,user41,prod18,35,693.31
ord_268,user68,prod92,90,632.43
ord_269,user71,prod69,84,713.38
ord_270,user33,prod81,79,588.53
ord_271,user43,prod101,62,159.91
ord_272,user18,prod50,15,163.03
ord_273,user45,prod73,4,417.95
ord_274,user51,prod134,13,983.43
ord_275,user84,prod31,36,390.11
ord_276,user100,prod148,64,377.85
ord_277,user65,prod3,53,212.05
ord_278,user47,prod196,22,584.12
ord_279,user5,prod94,52,168.2
ord_280,user14,prod164,46,799.93
ord_281,user30,prod65,63,261.4
ord_282,user27,prod81,46,387.19
ord_283,user91,prod91,60,187.04
ord_284,user12,prod8,92,166.51
ord_285,user32,prod151,26,743.45
ord_286,user3,prod162,79,910.83
ord_287,user58,prod68,85,152.96
ord_288,user48,prod59,62,808.54
ord_289,user53,prod192,40,211.96
ord_290,user84,prod124,63,299.28
ord_291,user58,prod76,53,718.0
ord_292,user6,prod200,93,14.55
ord_293,user60,prod105,65,757.06
ord_294,user94,prod116,73,322.05
ord_295,user100,prod22,24,649.51
ord_296,user30,prod144,99,129.84
ord_297,user53,prod142,51,239.37
ord_298,user39,prod186,39,963.1
ord_299,user82,prod81,82,176.51
ord_300,user42,prod69,12,38.55
ord_301,user18,prod8,86,112.59
ord_302,user100,prod55,45,695.73
ord_303,user29,prod104,89,649.59
ord_304,user58,prod200,97,35.03
ord_305,user92,prod41,85,418.28
ord_306,user19,prod151,73,73.93
ord_307,user5,prod39,56,444.14
ord_308,user64,prod29,7,501.73
ord_309,user34,prod110,9,448.09
ord_310,user23,prod43,92,130.24
ord_311,user59,prod1,31,638.45
ord_312,user71,prod85,44,634.21
ord_313,user39,prod72,85,718.91
ord_314,user94,prod127,41,977.97
ord_315,user40,prod108,46,43.71
ord_316,user69,prod90,73,538.64
ord_317,user74,prod174,27,762.77
ord_318,user81,prod29,59,657.05
ord_319,user1,prod194,25,90.16
ord_320,user69,prod178,6,319.78
ord_321,user80,prod134,53,852.58
ord_322,user51,prod54,52,932.07
ord_323,user87,prod16,44,754.9
ord_324,user63,prod108,21,217.37
ord_325,user52,prod124,92,214.2
ord_326,user100,prod159,25,652.87
ord_327,user50,prod108,59,849.99
ord_328,user37,prod198,17,896.69
ord_329,user69,prod174,27,40.74
ord_330,user98,prod129,66,394.14
ord_331,user99,prod128,69,934.75
ord_332,user33,prod186,96,966.2
ord_333,user68,prod183,52,165.86
ord_334,user37,prod46,35,201.19
ord_335,user40,prod45,60,962.32
ord_336,user76,prod22,46,656.56
ord_337,user53,prod114,63,27.07
ord_338,user80,prod153,13,803.4
ord_339,user72,prod67,52,175.27
ord_340,user91,prod31,55,522.91
ord_341,user86,prod90,80,537.06
ord_342,user43,prod11,98,317.04
ord_343,user12,prod68,91,613.3
ord_344,user6,prod112,10,220.54
ord_345,user36,prod173,50,496.45
ord_346,user48,prod174,93,30.02
ord_347,user36,prod129,38,413.12
ord_348,user89,prod107,34,669.75
ord_349,user26,prod58,17,660.26
ord_350,user100,prod81,9,279.0
ord_351,user6,prod161,72,830.79
ord_352,user48,prod186,25,700.49
ord_353,user46,prod199,54,598.17
ord_354,user19,prod51,79,290.54
ord_355,user45,prod192,9,960.77
ord_356,user59,prod192,87,560.26
ord_357,user11,prod86,57,180.76
ord_358,user74,prod131,11,640.98
ord_359,user47,prod113,81,7.96
ord_360,user47,prod26,23,809.11
ord_361,user43,prod161,64,100.06
ord_362,user59,prod130,55,54.2
ord_363,user97,prod74,80,337.6
ord_364,user12,prod131,70,97.07
ord_365,user26,prod89,34,337.19
ord_366,user38,prod200,94,241.02
ord_367,user63,prod116,37,511.5
ord_368,user49,prod76,20,830.59
ord_369,user18,prod133,68,810.72
ord_370,user100,prod59,98,750.46
ord_371,user4,prod112,58,919.49
ord_372,user97,prod48,82,691.97
ord_373,user97,prod188,43,200.29
ord_374,user77,prod17,20,155.5
ord_375,user66,prod69,27,521.3
ord_376,user48,prod75,92,993.84
ord_377,user40,prod193,8,888.47
ord_378,user55,prod97,16,163.73
ord_379,user43,prod62,79,711.94
ord_380,user45,prod73,17,739.63
ord_381,user33,prod174,56,604.53
ord_382,user44,prod173,9,890.47
ord_383,user77,prod103,57,350.8
ord_384,user29,prod37,58,701.78
ord_385,user2,prod183,87,424.26
ord_386,user33,prod28,4,588.52
ord_387,user64,prod97,92,320.83
ord_388,user6,prod196,66,427.07
ord_389,user77,prod62,29,892.43
ord_390,user54,prod87,44,415.05
ord_391,user15,prod34,85,121.38
ord_392,user68,prod181,62,356.44
ord_393,user76,prod92,9,19.18
ord_394,user67,prod49,96,298.74
ord_395,user50,prod107,38,811.6
ord_396,user22,prod54,24,871.45
ord_397,user17,prod157,67,871.48
ord_398,user83,prod154,44,452.41
ord_399,user42,prod132,80,523.83
ord_400,user87,prod5,52,74.29
ord_401,user7,prod165,22,505.12
ord_402,user14,prod174,59,215.84
ord_403,user5,prod48,19,112.79
ord_404,user18,prod141,21,932.76
ord_405,user81,prod188,97,430.51
ord_406,user65,prod74,23,723.34
ord_407,user71,prod91,45,598.31
ord_408,user45,prod172,4,550.77
ord_409,user63,prod62,63,816.86
ord_410,user29,prod87,91,493.54
ord_411,user5,prod196,57,969.05
ord_412,user66,prod193,26,530.57
ord_413,user82,prod180,44,516.02
ord_414,user45,prod159,87,381.15
ord_415,user16,prod4,75,789.12
ord_416,user10,prod107,71,242.06
ord_417,user18,prod64,69,677.15
ord_418,user10,prod115,41,447.45
ord_419,user64,prod165,90,362.12
ord_420,user54,prod3,72,90.69
ord_421,user35,prod83,99,766.04
ord_422,user29,prod192,52,591.12
ord_423,user12,prod148,6,265.74
ord_424,user54,prod13,35,202.58
ord_425,user34,prod109,29,263.51
ord_426,user68,prod185,85,26.38
ord_427,user6,prod124,18,563.03
ord_428,user69,prod69,53,625.15
ord_429,user60,prod163,68,998.09
ord_430,user18,prod150,96,50.73
ord_431,user59,prod188,63,450.87
ord_432,user35,prod34,89,104.16
ord_433,user29,prod158,36,974.37
ord_434,user100,prod156,40,288.09
ord_435,user98,prod117,49,61.11
ord_436,user26,prod12,83,299.11
ord_437,user54,prod148,11,906.77
ord_438,user93,prod99,99,378.87
ord_439,user58,prod139,5,358.68
ord_440,user12,prod169,99,466.15
ord_441,user31,prod181,73,444.89
ord_442,user30,prod79,2,450.52
ord_443,user43,prod135,24,414.69
ord_444,user27,prod196,65,840.8
ord_445,user30,prod114,3,881.38
ord_446,user53,prod145,48,595.11
ord_447,user20,prod45,4,149.73
ord_448,user18,prod166,40,165.31
ord_449,user38,prod70,4,475.41
ord_450,user35,prod198,58,811.28
ord_451,user95,prod67,33,928.94
ord_452,user2,prod129,60,584.89
ord_453,user99,prod122,87,734.96
ord_454,user81,prod73,78,971.48
ord_455,user22,prod37,52,909.95
ord_456,user67,prod196,40,851.86
ord_457,user49,prod135,35,619.56
ord_458,user93,prod44,11,697.81
ord_459,user89,prod58,10,765.8
ord_460,user20,prod69,15,216.35
ord_461,user31,prod2,75,439.71
ord_462,user27,prod29,93,420.94
ord_463,user81,prod150,88,543.09
ord_464,user22,prod149,12,669.58
ord_465,user59,prod64,73,709.1
ord_466,user56,prod87,74,587.45
ord_467,user91,prod156,14,638.03
ord_468,user92,prod95,4,798.58
ord_469,user7,prod144,11,872.58
ord_470,user40,prod72,98,446.09
ord_471,user26,prod37,9,419.68
ord_472,user52,prod140,84,522.94
ord_473,user42,prod33,70,377.76
ord_474,user91,prod58,96,179.46
ord_475,user8,prod110,41,823.96
ord_476,user41,prod63,31,229.38
ord_477,user12,prod53,31,842.58
ord_478,user22,prod14,5,877.49
ord_479,user47,prod168,36,926.92
ord_480,user72,prod184,95,982.16
ord_481,user25,prod156,87,336.63
ord_482,user79,prod64,8,624.12
ord_483,user72,prod176,28,786.99
ord_484,user90,prod17,19,9.77
ord_485,user34,prod83,74,932.28
ord_486,user37,prod34,22,774.74
ord_487,user12,prod92,42,911.44
ord_488,user87,prod114,34,420.52
ord_489,user44,prod122,49,987.44
ord_490,user24,prod2,8,192.89
ord_491,user4,prod10,66,867.56
ord_492,user78,prod177,11,432.13
ord_493,user12,prod128,28,386.72
ord_494,user91,prod88,98,298.89
ord_495,user42,prod196,81,849.09
ord_496,user94,prod179,80,473.77
ord_497,user55,prod26,13,535.68
ord_498,user3,prod120,94,922.24
ord_499,user29,prod112,85,494.2
ord_500,user82,prod176,4,799.46
ord_501,user79,prod156,54,916.85
ord_502,user74,prod31,26,603.11
ord_503,user28,prod143,53,22.06
ord_504,user25,prod174,75,670.29
ord_505,user59,prod141,23,661.3
ord_506,user39,prod149,5,461.91
ord_507,user17,prod35,44,182.49
ord_508,user98,prod95,70,387.92
ord_509,user8,prod150,69,733.89
ord_510,user49,prod13,99,523.78
ord_511,user85,prod35,82,828.52
ord_512,user16,prod36,7,195.77
ord_513,user11,prod90,51,190.43
ord_514,user54,prod102,17,707.73
ord_515,user50,prod199,59,459.78
ord_516,user38,prod36,33,423.57
ord_517,user3,prod192,52,268.42
ord_518,user64,prod161,69,442.35
ord_519,user85,prod158,14,936.05
ord_520,user66,prod145,13,614.6
ord_521,user41,prod69,41,58.35
ord_522,user94,prod112,58,217.48
ord_523,user3,prod139,24,898.93
ord_524,user7,prod77,94,369.01
ord_525,user82,prod14,34,416.54
ord_526,user57,prod14,30,415.78
ord_527,user20,prod145,14,736.79
ord_528,user99,prod26,54,958.65
ord_529,user34,prod66,25,963.91
ord_530,user38,prod26,37,358.98
ord_531,user88,prod92,93,672.26
ord_532,user73,prod88,96,229.47
ord_533,user39,prod147,8,841.95
ord_534,user58,prod125,5,201.25
ord_535,user24,prod187,73,59.78
ord_536,user17,prod101,91,379.1
ord_537,user85,prod7,47,437.61
ord_538,user22,prod86,70,140.14
ord_539,user90,prod105,63,223.37
ord_540,user77,prod95,84,546.22
ord_541,user19,prod150,72,658.1
ord_542,user69,prod169,75,223.04
ord_543,user17,prod128,45,705.09
ord_544,user36,prod59,43,434.35
ord_545,user93,prod38,96,725.29
ord_546,user88,prod126,9,416.39
ord_547,user24,prod97,90,157.86
ord_548,user82,prod116,25,797.72
ord_549,user19,prod127,47,23.35
ord_550,user96,prod14,69,573.99
ord_551,user19,prod117,30,231.79
ord_552,user25,prod76,21,923.99
ord_553,user23,prod57,8,379.52
ord_554,user91,prod91,72,421.88
ord_555,user4,prod21,29,679.02
ord_556,user21,prod156,67,690.08
ord_557,user58,prod72,23,21.66
ord_558,user25,prod11,63,436.11
ord_559,user21,prod168,69,716.39
ord_560,user27,prod183,19,305.93
ord_561,user5,prod31,73,554.31
ord_562,user44,prod160,83,909.3
ord_563,user17,prod39,48,555.51
ord_564,user65,prod104,84,812.09
ord_565,user17,prod194,2,433.86
ord_566,user70,prod131,84,550.02
ord_567,user53,prod133,1,798.54
ord_568,user33,prod135,53,202.77
ord_569,user87,prod142,44,711.7
ord_570,user93,prod99,8,849.77
ord_571,user24,prod7,93,209.88
ord_572,user40,prod95,36,952.39
ord_573,user37,prod77,38,987.2
ord_574,user38,prod19,100,414.91
ord_575,user53,prod181,43,873.3
ord_576,user80,prod197,74,958.65
ord_577,user71,prod30,79,891.74
ord_578,user92,prod119,55,325.99
ord_579,user25,prod43,89,779.28
ord_580,user10,prod24,20,857.22
ord_581,user75,prod78,89,504.9
ord_582,user16,prod81,50,415.83
ord_583,user22,prod16,62,449.05
ord_584,user4,prod20,71,449.32
ord_585,user3,prod115,43,961.97
ord_586,user10,prod137,17,908.11
ord_587,user54,prod10,56,84.64
ord_588,user25,prod78,8,249.27
ord_589,user26,prod143,29,496.91
ord_590,user56,prod99,2,773.29
ord_591,user14,prod73,75,674.9
ord_592,user24,prod164,39,78.42
ord_593,user86,prod178,35,521.68
ord_594,user44,prod14,74,741.71
ord_595,user28,prod187,73,842.95
ord_596,user22,prod45,38,392.15
ord_597,user83,prod18,21,135.94
ord_598,user89,prod43,36,536.07
ord_599,user74,prod102,59,884.68
ord_600,user20,prod167,73,739.73
ord_601,user52,prod161,18,704.69
ord_602,user29,prod179,46,974.53
ord_603,user16,prod113,17,795.62
ord_604,user72,prod151,32,985.41
ord_605,user70,prod23,4,809.68
ord_606,user62,prod188,63,557.74
ord_607,user43,prod54,87,863.04
ord_608,user95,prod151,7,727.37
ord_609,user60,prod65,29,99.25
ord_610,user31,prod181,56,78.26
ord_611,user37,prod24,7,460.06
ord_612,user94,prod15,51,39.02
ord_613,user61,prod10,28,484.73
ord_614,user17,prod196,95,522.07
ord_615,user42,prod139,92,954.26
ord_616,user21,prod36,71,792.15
ord_617,user28,prod56,79,951.91
ord_618,user95,prod135,79,756.4
ord_619,user47,prod176,31,492.32
ord_620,user37,prod120,17,285.77
ord_621,user62,prod25,4,394.34
ord_622,user52,prod99,49,593.27
ord_623,user12,prod94,12,494.35
ord_624,user12,prod26,77,773.78
ord_625,user3,prod72,77,118.67
ord_626,user87,prod96,28,799.48
ord_627,user15,prod83,26,674.97
ord_628,user5,prod125,63,505.26
ord_629,user1,prod85,93,245.49
ord_630,user32,prod38,56,75.1
ord_631,user95,prod47,56,774.76
ord_632,user100,prod182,11,892.23
ord_633,user51,prod48,34,940.35
ord_634,user35,prod71,8,70.96
ord_635,user40,prod2,99,128.22
ord_636,user28,prod102,25,428.8
ord_637,user32,prod154,98,798.65
ord_638,user52,prod27,6,126.67
ord_639,user84,prod157,54,796.79
ord_640,user1,prod22,3,29.3
ord_641,user14,prod196,36,781.02
ord_642,user75,prod37,9,364.23
ord_643,user79,prod18,40,149.64
ord_644,user37,prod14,74,515.02
ord_645,user20,prod115,91,259.3
ord_646,user61,prod84,54,954.61
ord_647,user89,prod5,7,733.47
ord_648,user41,prod136,11,404.5
ord_649,user100,prod57,10,332.93
ord_650,user100,prod29,10,291.73
ord_651,user84,prod161,81,98.17
ord_652,user99,prod126,67,864.19
ord_653,user66,prod37,56,799.53
ord_654,user80,prod199,15,339.94
ord_655,user47,prod107,76,131.51
ord_656,user3,prod28,79,672.16
ord_657,user60,prod40,71,891.94
ord_658,user49,prod173,66,891.5
ord_659,user54,prod89,15,868.35
ord_660,user23,prod133,19,801.32
ord_661,user86,prod122,3,543.55
ord_662,user5,prod113,43,532.83
ord_663,user68,prod33,57,174.5
ord_664,user19,prod197,99,308.5
ord_665,user31,prod172,83,682.13
ord_666,user76,prod169,79,586.52
ord_667,user5,prod75,24,456.11
ord_668,user10,prod132,10,871.62
ord_669,user11,prod34,48,912.53
ord_670,user52,prod157,34,975.43
ord_671,user92,prod124,94,38.9
ord_672,user74,prod177,83,675.2
ord_673,user65,prod116,40,218.51
ord_674,user85,prod29,3,254.86
ord_675,user48,prod151,73,426.17
ord_676,user65,prod70,9,168.91
ord_677,user48,prod2,32,806.01
ord_678,user32,prod175,41,786.41
ord_679,user54,prod138,70,999.32
ord_680,user58,prod160,54,814.1
ord_681,user10,prod198,90,50.92
ord_682,user24,prod149,90,83.61
ord_683,user47,prod50,62,133.13
ord_684,user9,prod153,24,717.31
ord_685,user19,prod40,36,542.95
ord_686,user12,prod50,93,485.48
ord_687,user91,prod101,94,796.92
ord_688,user82,prod71,49,494.1
ord_689,user35,prod163,75,124.83
ord_690,user25,prod124,75,458.49
ord_691,user91,prod22,26,127.9
ord_692,user29,prod5,62,678.11
ord_693,user69,prod8,81,790.62
ord_694,user40,prod104,3,141.17
ord_695,user28,prod131,95,891.33
ord_696,user84,prod178,81,71.52
ord_697,user48,prod80,41,901.77
ord_698,user24,prod146,89,134.61
ord_699,user35,prod57,37,640.94
ord_700,user95,prod142,27,572.96
ord_701,user31,prod173,76,386.73
ord_702,user71,prod115,23,89.67
ord_703,user73,prod46,4,801.05
ord_704,user83,prod199,39,412.4
ord_705,user43,prod71,19,837.88
ord_706,user95,prod76,38,263.6
ord_707,user51,prod50,27,641.31
ord_708,user2,prod119,64,495.71
ord_709,user25,prod65,69,959.11
ord_710,user43,prod103,10,577.5
ord_711,user53,prod127,60,118.44
ord_712,user29,prod150,80,357.29
ord_713,user95,prod105,48,143.89
ord_714,user49,prod25,74,937.64
ord_715,user42,prod113,77,492.18
ord_716,user18,prod188,64,36.34
ord_717,user94,prod39,11,837.85
ord_718,user77,prod180,37,564.87
ord_719,user11,prod166,46,934.13
ord_720,user77,prod16,42,715.57
ord_721,user77,prod2,92,280.78
ord_722,user59,prod92,78,18.08
ord_723,user35,prod168,1,730.56
ord_724,user15,prod108,24,971.71
ord_725,user9,prod9,56,93.54
ord_726,user80,prod61,90,579.27
ord_727,user12,prod36,95,383.24
ord_728,user8,prod177,74,8.4
ord_729,user78,prod184,20,172.28
ord_730,user9,prod13,8,149.25
ord_731,user24,prod5,81,709.17
ord_732,user57,prod30,5,199.55
ord_733,user50,prod52,75,698.99
ord_734,user73,prod78,38,563.16
ord_735,user84,prod180,21,93.45
ord_736,user48,prod122,90,143.92
ord_737,user25,prod124,68,681.84
ord_738,user26,prod108,94,95.66
ord_739,user96,prod105,98,543.65
ord_740,user29,prod160,37,421.29
ord_741,user48,prod157,81,948.12
ord_742,user17,prod142,15,812.74
ord_743,user94,prod94,1,833.19
ord_744,user74,prod168,51,248.33
ord_745,user73,prod103,14,676.17
ord_746,user68,prod1,53,31.47
ord_747,user49,prod123,73,306.13
ord_748,user45,prod155,89,274.75
ord_749,user55,prod131,32,343.32
ord_750,user51,prod1,45,284.03
ord_751,user20,prod107,8,403.2
ord_752,user8,prod200,32,763.55
ord_753,user100,prod187,57,151.35
ord_754,user29,prod92,35,413.06
ord_755,user75,prod141,18,595.84
ord_756,user72,prod88,37,378.61
ord_757,user81,prod134,7,77.46
ord_758,user18,prod4,41,714.62
ord_759,user67,prod56,31,44.76
ord_760,user19,prod122,31,104.57
ord_761,user80,prod34,7,855.99
ord_762,user89,prod133,38,147.3
ord_763,user93,prod145,97,71.54
ord_764,user61,prod16,44,178.89
ord_765,user85,prod118,86,285.76
ord_766,user54,prod51,35,936.78
ord_767,user49,prod95,84,545.06
ord_768,user26,prod123,74,630.26
ord_769,user85,prod98,54,568.39
ord_770,user80,prod107,5,36.0
ord_771,user40,prod12,40,205.66
ord_772,user6,prod56,21,925.55
ord_773,user55,prod21,74,868.83
ord_774,user64,prod93,86,498.79
ord_775,user17,prod63,39,29.73
ord_776,user20,prod85,23,811.69
ord_777,user15,prod165,94,938.38
ord_778,user61,prod200,93,892.38
ord_779,user16,prod3,68,658.37
ord_780,user78,prod40,51,848.98
ord_781,user98,prod50,50,394.19
ord_782,user21,prod166,14,477.94
ord_783,user16,prod85,16,143.01
ord_784,user8,prod100,33,78.57
ord_785,user35,prod119,74,721.1
ord_786,user96,prod15,83,349.11
ord_787,user42,prod16,52,852.36
ord_788,user52,prod198,72,942.26
ord_789,user85,prod186,35,255.17
ord_790,user38,prod157,75,392.58
ord_791,user61,prod142,19,771.39
ord_792,user43,prod183,3,829.3
ord_793,user67,prod6,30,729.13
ord_794,user71,prod109,96,65.53
ord_795,user68,prod21,71,390.13
ord_796,user67,prod133,56,324.84
ord_797,user9,prod190,20,340.14
ord_798,user12,prod110,74,178.58
ord_799,user60,prod193,68,17.83
ord_800,user31,prod78,38,945.4
ord_801,user78,prod27,1,903.32
ord_802,user79,prod47,86,551.46
ord_803,user6,prod174,71,636.43
ord_804,user7,prod172,71,506.09
ord_805,user50,prod126,87,16.09
ord_806,user97,prod66,17,260.98
ord_807,user100,prod158,35,865.36
ord_808,user94,prod61,4,375.69
ord_809,user84,prod91,89,13.97
ord_810,user7,prod43,14,107.63
ord_811,user10,prod185,88,233.83
ord_812,user79,prod105,57,665.86
ord_813,user95,prod76,83,511.33
ord_814,user11,prod125,78,503.91
ord_815,user96,prod126,89,596.83
ord_816,user2,prod145,3,838.47
ord_817,user47,prod153,41,588.0
ord_818,user94,prod115,29,173.8
ord_819,user33,prod118,81,227.22
ord_820,user50,prod52,29,228.19
ord_821,user100,prod195,29,174.42
ord_822,user36,prod95,72,922.37
ord_823,user95,prod147,43,65.51
ord_824,user64,prod58,78,452.69
ord_825,user94,prod40,15,993.85
ord_826,user57,prod11,3,949.8
ord_827,user38,prod151,13,777.86
ord_828,user99,prod69,12,418.17
ord_829,user39,prod106,40,904.39
ord_830,user4,prod4,21,993.62
ord_831,user37,prod29,76,811.85
ord_832,user35,prod57,40,443.57
ord_833,user24,prod34,22,170.6
ord_834,user32,prod146,91,407.43
ord_835,user61,prod126,2,288.15
ord_836,user96,prod22,65,123.94
ord_837,user78,prod104,71,300.59
ord_838,user78,prod90,37,814.17
ord_839,user78,prod133,30,925.02
ord_840,user70,prod96,11,503.09
ord_841,user13,prod121,62,766.14
ord_842,user48,prod124,20,439.98
ord_843,user28,prod30,15,79.89
ord_844,user3,prod181,88,966.13
ord_845,user2,prod44,99,121.03
ord_846,user41,prod112,41,288.13
ord_847,user42,prod88,22,212.88
ord_848,user29,prod38,44,321.13
ord_849,user43,prod184,18,670.11
ord_850,user90,prod90,68,814.14
ord_851,user80,prod147,78,780.21
ord_852,user37,prod85,38,217.12
ord_853,user66,prod63,89,103.91
ord_854,user82,prod104,7,402.69
ord_855,user45,prod180,26,795.69
ord_856,user58,prod66,8,11.78
ord_857,user57,prod52,19,318.1
ord_858,user17,prod72,32,395.44
ord_859,user67,prod173,13,823.01
ord_860,user66,prod51,3,257.18
ord_861,user27,prod20,74,838.41
ord_862,user64,prod120,23,755.9
ord_863,user62,prod111,5,384.83
ord_864,user2,prod183,65,556.15
ord_865,user33,prod76,9,577.98
ord_866,user81,prod105,81,980.33
ord_867,user47,prod66,52,892.28
ord_868,user2,prod1,49,114.78
ord_869,user72,prod73,82,521.11
ord_870,user97,prod28,93,71.01
ord_871,user45,prod176,62,999.42
ord_872,user90,prod40,21,663.45
ord_873,user48,prod131,61,34.82
ord_874,user45,prod35,3,449.37
ord_875,user88,prod64,61,972.91
ord_876,user38,prod57,26,111.98
ord_877,user64,prod97,99,217.99
ord_878,user83,prod69,81,822.36
ord_879,user22,prod74,77,913.97
ord_880,user76,prod135,21,588.24
ord_881,user53,prod45,93,360.49
ord_882,user43,prod63,18,83.58
ord_883,user80,prod185,10,661.17
ord_884,user26,prod11,62,287.55
ord_885,user36,prod195,90,998.0
ord_886,user66,prod127,53,425.41
ord_887,user74,prod27,24,724.31
ord_888,user52,prod158,84,170.06
ord_889,user54,prod101,56,686.46
ord_890,user16,prod197,10,67.66
ord_891,user76,prod98,77,513.39
ord_892,user32,prod156,14,338.0
ord_893,user32,prod149,43,166.82
ord_894,user94,prod34,94,558.36
ord_895,user44,prod4,79,530.01
ord_896,user61,prod22,52,38.15
ord_897,user13,prod152,84,384.46
ord_898,user23,prod127,43,990.91
ord_899,user21,prod180,70,722.13
ord_900,user63,prod119,88,437.52
ord_901,user18,prod118,69,382.14
ord_902,user22,prod96,84,336.05
ord_903,user83,prod32,90,27.19
ord_904,user95,prod195,87,426.4
ord_905,user68,prod34,46,143.3
ord_906,user90,prod75,89,705.48
ord_907,user2,prod151,21,181.94
ord_908,user81,prod150,9,213.72
ord_909,user95,prod153,38,210.59
ord_910,user2,prod103,75,416.53
ord_911,user93,prod7,67,777.71
ord_912,user13,prod8,77,300.56
ord_913,user94,prod155,9,498.08
ord_914,user76,prod45,72,725.78
ord_915,user89,prod14,15,197.61
ord_916,user49,prod118,67,280.11
ord_917,user49,prod90,62,238.39
ord_918,user33,prod121,70,639.47
ord_919,user61,prod3,24,666.69
ord_920,user68,prod123,79,418.67
ord_921,user40,prod140,44,561.05
ord_922,user54,prod44,20,164.2
ord_923,user12,prod53,69,490.69
ord_924,user68,prod87,6,82.63
ord_925,user46,prod24,83,373.0
ord_926,user59,prod162,72,530.64
ord_927,user19,prod146,30,612.66
ord_928,user33,prod89,12,132.47
ord_929,user83,prod5,94,858.9
ord_930,user70,prod142,29,63.38
ord_931,user93,prod131,81,178.76
ord_932,user93,prod180,75,851.27
ord_933,user37,prod10,2,467.17
ord_934,user95,prod21,7,730.2
ord_935,user99,prod184,22,102.81
ord_936,user14,prod153,4,615.47
ord_937,user35,prod156,66,855.88
ord_938,user2,prod124,94,916.75
ord_939,user70,prod11,88,161.23
ord_940,user77,prod130,84,984.59
ord_941,user41,prod45,96,224.55
ord_942,user71,prod112,94,228.07
ord_943,user14,prod16,54,665.44
ord_944,user76,prod39,74,663.37
ord_945,user81,prod159,47,944.82
ord_946,user11,prod87,82,864.76
ord_947,user52,prod167,46,995.23
ord_948,user37,prod199,18,234.52
ord_949,user85,prod112,13,818.19
ord_950,user32,prod21,45,478.33
ord_951,user30,prod121,40,64.7
ord_952,user90,prod157,14,637.96
ord_953,user72,prod190,14,672.85
ord_954,user5,prod49,56,693.63
ord_955,user12,prod117,69,893.34
ord_956,user83,prod199,41,218.51
ord_957,user57,prod76,67,70.97
ord_958,user23,prod135,38,57.89
ord_959,user52,prod119,70,472.87
ord_960,user99,prod184,60,627.6
ord_961,user55,prod74,57,548.59
ord_962,user87,prod78,64,589.87
ord_963,user86,prod164,94,347.06
ord_964,user41,prod147,27,768.26
ord_965,user3,prod149,96,356.94
ord_966,user86,prod174,58,516.6
ord_967,user72,prod13,66,492.41
ord_968,user59,prod60,97,503.5
ord_969,user17,prod155,91,255.62
ord_970,user97,prod107,39,526.5
ord_971,user73,prod6,83,641.82
ord_972,user94,prod91,44,567.09
ord_973,user93,prod197,74,384.9
ord_974,user69,prod154,95,630.61
ord_975,user70,prod3,51,723.27
ord_976,user66,prod163,60,665.58
ord_977,user52,prod199,98,983.55
ord_978,user5,prod31,76,160.58
ord_979,user45,prod75,49,217.58
ord_980,user36,prod76,93,290.42
ord_981,user6,prod184,98,569.91
ord_982,user39,prod137,80,665.14
ord_983,user52,prod86,95,728.01
ord_984,user37,prod2,64,80.23
ord_985,user4,prod161,46,266.99
ord_986,user5,prod76,51,681.6
ord_987,user28,prod144,12,695.78
ord_988,user56,prod166,24,492.67
ord_989,user71,prod71,28,125.02
ord_990,user13,prod45,3,93.13
ord_991,user65,prod56,13,11.82
ord_992,user94,prod150,79,701.75
ord_993,user61,prod84,68,381.85
ord_994,user92,prod158,52,437.39
ord_995,user79,prod117,80,995.56
ord_996,user8,prod168,37,615.98
ord_997,user45,prod191,58,385.01
ord_998,user67,prod189,18,213.85
ord_999,user18,prod62,57,488.16
ord_1000,user97,prod120,14,86.64
